source_row,source_cell,experimental_day,condition,original_cell,rejection_reason
100,K100,2,diseased,:25.224 -> -,missing_sensor_payload
102,K102,2,diseased,:26.611 -> -,missing_sensor_payload
104,K104,2,diseased,:05.588 -> -,missing_sensor_payload
108,K108,2,diseased,:04.423 -> -,missing_sensor_payload
110,K110,2,diseased,:05.793 -> -,missing_sensor_payload
112,K112,2,diseased,:07.228 -> -,missing_sensor_payload
114,K114,2,diseased,:08.615 -> -,missing_sensor_payload
116,K116,2,diseased,:10.032 -> -,missing_sensor_payload
120,K120,2,diseased,:55.620 -> -,missing_sensor_payload
122,K122,2,diseased,:57.020 -> -,missing_sensor_payload
124,K124,2,diseased,:58.444 -> -,missing_sensor_payload
126,K126,2,diseased,:59.820 -> -,missing_sensor_payload
128,K128,2,diseased,:01.220 -> -,missing_sensor_payload
133,K133,3,diseased,:33.401 -> -,missing_sensor_payload
135,K135,3,diseased,:34.784 -> -,missing_sensor_payload
137,K137,3,diseased,:36.220 -> -,missing_sensor_payload
139,K139,3,diseased,:37.583 -> -,missing_sensor_payload
141,K141,3,diseased,:39.019 -> -,missing_sensor_payload
143,K143,3,diseased,:40.411 -> -,missing_sensor_payload
145,K145,3,diseased,:54.654 -> -,missing_sensor_payload
147,K147,3,diseased,:56.074 -> -,missing_sensor_payload
149,K149,3,diseased,:57.497 -> -,missing_sensor_payload
151,K151,3,diseased,:58.854 -> -,missing_sensor_payload
153,K153,3,diseased,:00.271 -> -,missing_sensor_payload
155,K155,3,diseased,:01.654 -> -,missing_sensor_payload
158,K158,3,diseased,:58.194 -> -,missing_sensor_payload
160,K160,3,diseased,:59.574 -> -,missing_sensor_payload
162,K162,3,diseased,:00.995 -> -,missing_sensor_payload
164,K164,3,diseased,:02.374 -> -,missing_sensor_payload
166,K166,3,diseased,:03.774 -> -,missing_sensor_payload
168,K168,3,diseased,:05.216 -> -,missing_sensor_payload
171,K171,3,diseased,:10.347 -> -,missing_sensor_payload
173,K173,3,diseased,:11.744 -> -,missing_sensor_payload
175,K175,3,diseased,:13.160 -> -,missing_sensor_payload
177,K177,3,diseased,:14.543 -> -,missing_sensor_payload
179,K179,3,diseased,:15.959 -> -,missing_sensor_payload
182,K182,3,diseased,:56.768 -> -,missing_sensor_payload
184,K184,3,diseased,:58.151 -> -,missing_sensor_payload
186,K186,3,diseased,:59.522 -> -,missing_sensor_payload
188,K188,3,diseased,02:22:00.948 -> -,missing_sensor_payload
196,K196,4,diseased,:34.229 -> -,missing_sensor_payload
198,K198,4,diseased,:35.600 -> -,missing_sensor_payload
200,K200,4,diseased,:37.029 -> -,missing_sensor_payload
202,K202,4,diseased,:38.423 -> -,missing_sensor_payload
204,K204,4,diseased,:39.818 -> -,missing_sensor_payload
206,K206,4,diseased,:41.224 -> -,missing_sensor_payload
208,K208,4,diseased,:42.601 -> -,missing_sensor_payload
210,K210,4,diseased,:44.043 -> -,missing_sensor_payload
212,K212,4,diseased,:45.399 -> -,missing_sensor_payload
216,K216,4,diseased,:26.024 -> -,missing_sensor_payload
218,K218,4,diseased,:27.416 -> -,missing_sensor_payload
220,K220,4,diseased,:28.801 -> -,missing_sensor_payload
222,K222,4,diseased,:30.232 -> -,missing_sensor_payload
224,K224,4,diseased,:31.599 -> -,missing_sensor_payload
226,K226,4,diseased,:33.029 -> -,missing_sensor_payload
229,K229,4,diseased,:34.421 -> -,missing_sensor_payload
231,K231,4,diseased,:35.800 -> -,missing_sensor_payload
233,K233,4,diseased,:37.230 -> -,missing_sensor_payload
235,K235,4,diseased,:38.619 -> -,missing_sensor_payload
237,K237,4,diseased,:40.027 -> -,missing_sensor_payload
241,K241,4,diseased,:57.032 -> -,missing_sensor_payload
243,K243,4,diseased,:58.418 -> -,missing_sensor_payload
245,K245,4,diseased,:59.800 -> -,missing_sensor_payload
247,K247,4,diseased,:04.046 -> -,missing_sensor_payload
249,K249,4,diseased,:05.442 -> -,missing_sensor_payload
251,K251,4,diseased,:06.837 -> -,missing_sensor_payload
253,K253,4,diseased,:08.201 -> -,missing_sensor_payload
255,K255,4,diseased,:09.629 -> -,missing_sensor_payload
258,K258,4,diseased,:54.232 -> -,missing_sensor_payload
260,K260,4,diseased,:55.599 -> -,missing_sensor_payload
262,K262,4,diseased,:57.035 -> -,missing_sensor_payload
264,K264,4,diseased,:58.423 -> -,missing_sensor_payload
266,K266,4,diseased,:59.802 -> -,missing_sensor_payload
268,K268,4,diseased,:01.232 -> -,missing_sensor_payload
270,K270,4,diseased,:02.641 -> -,missing_sensor_payload
272,K272,4,diseased,:04.033 -> -,missing_sensor_payload
274,K274,4,diseased,:05.399 -> -,missing_sensor_payload
278,K278,5,diseased,:25.000 -> -,missing_sensor_payload
280,K280,5,diseased,:26.434 -> -,missing_sensor_payload
282,K282,5,diseased,:27.840 -> -,missing_sensor_payload
284,K284,5,diseased,:29.231 -> -,missing_sensor_payload
286,K286,5,diseased,:30.600 -> -,missing_sensor_payload
288,K288,5,diseased,:32.035 -> -,missing_sensor_payload
290,K290,5,diseased,:33.404 -> -,missing_sensor_payload
292,K292,5,diseased,:34.815 -> -,missing_sensor_payload
295,K295,5,diseased,:36.234 -> -,missing_sensor_payload
297,K297,5,diseased,:37.626 -> -,missing_sensor_payload
299,K299,5,diseased,:39.000 -> -,missing_sensor_payload
301,K301,5,diseased,:40.427 -> -,missing_sensor_payload
303,K303,5,diseased,:41.800 -> -,missing_sensor_payload
305,K305,5,diseased,:43.223 -> -,missing_sensor_payload
307,K307,5,diseased,:45.384 -> -,missing_sensor_payload
309,K309,5,diseased,:46.000 -> -,missing_sensor_payload
313,K313,5,diseased,:47.411 -> -,missing_sensor_payload
315,K315,5,diseased,:48.881 -> -,missing_sensor_payload
317,K317,5,diseased,:50.233 -> -,missing_sensor_payload
319,K319,5,diseased,:51.600 -> -,missing_sensor_payload
321,K321,5,diseased,:52.999 -> -,missing_sensor_payload
323,K323,5,diseased,:54.429 -> -,missing_sensor_payload
325,K325,5,diseased,:55.815 -> -,missing_sensor_payload
329,K329,5,diseased,:04.215 -> -,missing_sensor_payload
331,K331,5,diseased,:05.625 -> -,missing_sensor_payload
333,K333,5,diseased,:07.000 -> -,missing_sensor_payload
335,K335,5,diseased,:08.420 -> -,missing_sensor_payload
337,K337,5,diseased,:09.843 -> -,missing_sensor_payload
339,K339,5,diseased,:11.240 -> -,missing_sensor_payload
341,K341,5,diseased,:12.628 -> -,missing_sensor_payload
343,K343,5,diseased,:14.001 -> -,missing_sensor_payload
347,K347,5,diseased,:58.820 -> -,missing_sensor_payload
349,K349,5,diseased,:00.239 -> -,missing_sensor_payload
351,K351,5,diseased,:01.632 -> -,missing_sensor_payload
353,K353,5,diseased,:03.022 -> -,missing_sensor_payload
355,K355,5,diseased,:04.399 -> -,missing_sensor_payload
357,K357,5,diseased,:05.799 -> -,missing_sensor_payload
359,K359,5,diseased,:07.218 -> -,missing_sensor_payload
361,K361,5,diseased,:08.599 -> -,missing_sensor_payload
363,K363,5,diseased,:10.018 -> -,missing_sensor_payload
