sample_id,source_row,source_cell,experimental_day,condition,infected,infection_days,label,timestamp_ms,temperature_c,humidity_pct,pressure_pa,gas_resistance_ohm,sraw,quality_flag
VIV-0001,2,C2,1,controlled,0,0,healthy,6472,31.68,51.16,97481.0,6180.0,25315,exact_duplicate
VIV-0002,2,K2,1,diseased,1,1,infected_day_1,1181072,29.87,56.13,97481.0,62070.0,29005,exact_duplicate
VIV-0003,4,C4,1,controlled,0,0,healthy,6472,31.68,51.16,97481.0,6180.0,25315,exact_duplicate;nonincreasing_timestamp
VIV-0004,5,K5,1,diseased,1,1,infected_day_1,1181072,29.87,56.13,97481.0,62070.0,29005,exact_duplicate;nonincreasing_timestamp
VIV-0005,6,C6,1,controlled,0,0,healthy,6472,31.68,51.16,97481.0,6180.0,25315,exact_duplicate;nonincreasing_timestamp
VIV-0006,8,C8,1,controlled,0,0,healthy,6472,31.68,51.16,97481.0,6180.0,25315,exact_duplicate;nonincreasing_timestamp
VIV-0007,8,K8,1,diseased,1,1,infected_day_1,1181072,29.87,56.13,97481.0,62070.0,29005,exact_duplicate;nonincreasing_timestamp
VIV-0008,10,C10,1,controlled,0,0,healthy,6472,31.68,51.16,97481.0,6180.0,25315,exact_duplicate;nonincreasing_timestamp
VIV-0009,11,K11,1,diseased,1,1,infected_day_1,1181072,29.87,56.13,97481.0,62070.0,29005,exact_duplicate;nonincreasing_timestamp
VIV-0010,12,C12,1,controlled,0,0,healthy,6472,31.68,51.16,97481.0,6180.0,25315,exact_duplicate;nonincreasing_timestamp
VIV-0011,14,C14,1,controlled,0,0,healthy,6472,31.68,51.16,97481.0,6180.0,25315,exact_duplicate;nonincreasing_timestamp
VIV-0012,17,C17,1,controlled,0,0,healthy,6472,31.68,51.16,97481.0,6180.0,25315,exact_duplicate;nonincreasing_timestamp
VIV-0013,18,K18,1,diseased,1,1,infected_day_1,1181072,29.87,56.13,97481.0,62070.0,29005,exact_duplicate;nonincreasing_timestamp
VIV-0014,19,C19,1,controlled,0,0,healthy,6472,31.68,51.16,97481.0,6180.0,25315,exact_duplicate;nonincreasing_timestamp
VIV-0015,21,C21,1,controlled,0,0,healthy,6472,31.68,51.16,97481.0,6180.0,25315,exact_duplicate;nonincreasing_timestamp
VIV-0016,21,K21,1,diseased,1,1,infected_day_1,1181072,29.87,56.13,97481.0,62070.0,29005,exact_duplicate;nonincreasing_timestamp
VIV-0017,23,C23,1,controlled,0,0,healthy,6472,31.68,51.16,97481.0,6180.0,25315,exact_duplicate;nonincreasing_timestamp
VIV-0018,24,K24,1,diseased,1,1,infected_day_1,1181072,29.87,56.13,97481.0,62070.0,29005,exact_duplicate;nonincreasing_timestamp
VIV-0019,25,C25,1,controlled,0,0,healthy,6472,31.68,51.16,97481.0,6180.0,25315,exact_duplicate;nonincreasing_timestamp
VIV-0020,27,C27,1,controlled,0,0,healthy,6472,31.68,51.16,97481.0,6180.0,25315,exact_duplicate;nonincreasing_timestamp
VIV-0021,27,K27,1,diseased,1,1,infected_day_1,1181072,29.87,56.13,97481.0,62070.0,29005,exact_duplicate;nonincreasing_timestamp
VIV-0022,29,C29,1,controlled,0,0,healthy,6472,31.68,51.16,97481.0,6180.0,25315,exact_duplicate;nonincreasing_timestamp
VIV-0023,30,K30,1,diseased,1,1,infected_day_1,1181072,29.87,56.13,97481.0,62070.0,29005,exact_duplicate;nonincreasing_timestamp
VIV-0024,32,C32,1,controlled,0,0,healthy,6472,31.68,51.16,97481.0,6180.0,25315,exact_duplicate;nonincreasing_timestamp
VIV-0025,33,K33,1,diseased,1,1,infected_day_1,1181072,29.87,56.13,97481.0,62070.0,29005,exact_duplicate;nonincreasing_timestamp
VIV-0026,34,C34,1,controlled,0,0,healthy,6472,31.68,51.16,97481.0,6180.0,25315,exact_duplicate;nonincreasing_timestamp
VIV-0027,36,C36,1,controlled,0,0,healthy,6472,31.68,51.16,97481.0,6180.0,25315,exact_duplicate;nonincreasing_timestamp
VIV-0028,36,K36,1,diseased,1,1,infected_day_1,1181072,29.87,56.13,97481.0,62070.0,29005,exact_duplicate;nonincreasing_timestamp
VIV-0029,38,C38,1,controlled,0,0,healthy,6472,31.68,51.16,97481.0,6180.0,25315,exact_duplicate;nonincreasing_timestamp
VIV-0030,39,K39,1,diseased,1,1,infected_day_1,1181072,29.87,56.13,97481.0,62070.0,29005,exact_duplicate;nonincreasing_timestamp
VIV-0031,40,C40,1,controlled,0,0,healthy,6472,31.68,51.16,97481.0,6180.0,25315,exact_duplicate;nonincreasing_timestamp
VIV-0032,42,C42,1,controlled,0,0,healthy,6472,31.68,51.16,97481.0,6180.0,25315,exact_duplicate;nonincreasing_timestamp
VIV-0033,42,K42,1,diseased,1,1,infected_day_1,1181072,29.87,56.13,97481.0,62070.0,29005,exact_duplicate;nonincreasing_timestamp
VIV-0034,45,C45,1,controlled,0,0,healthy,142272,30.73,44.03,97475.0,137973.0,29390,
VIV-0035,45,K45,1,diseased,1,1,infected_day_1,1181072,29.87,56.13,97481.0,62070.0,29005,exact_duplicate;nonincreasing_timestamp
VIV-0036,47,C47,1,controlled,0,0,healthy,143672,30.72,44.03,97475.0,138658.0,29397,
VIV-0037,48,K48,1,diseased,1,1,infected_day_1,1181072,29.87,56.13,97481.0,62070.0,29005,exact_duplicate;nonincreasing_timestamp
VIV-0038,49,C49,1,controlled,0,0,healthy,145072,30.7,44.02,97474.0,140167.0,29400,
VIV-0039,51,C51,1,controlled,0,0,healthy,146472,30.69,44.02,97474.0,140638.0,29405,
VIV-0040,51,K51,1,diseased,1,1,infected_day_1,1181072,29.87,56.13,97481.0,62070.0,29005,exact_duplicate;nonincreasing_timestamp
VIV-0041,53,C53,1,controlled,0,0,healthy,147872,30.67,44.02,97474.0,141350.0,29416,
VIV-0042,54,K54,1,diseased,1,1,infected_day_1,1181072,29.87,56.13,97481.0,62070.0,29005,exact_duplicate;nonincreasing_timestamp
VIV-0043,55,C55,1,controlled,0,0,healthy,149272,30.66,44.01,97475.0,142069.0,29422,
VIV-0044,58,C58,1,controlled,0,0,healthy,927672,28.93,50.77,97473.0,160133.0,29727,
VIV-0045,59,K59,1,diseased,1,1,infected_day_1,1692072,32.4,52.75,97501.0,53814.0,28145,
VIV-0046,60,C60,1,controlled,0,0,healthy,929072,28.93,50.77,97473.0,160902.0,29727,
VIV-0047,61,K61,1,diseased,1,1,infected_day_1,1693472,32.4,52.76,97501.0,54057.0,28143,
VIV-0048,62,C62,1,controlled,0,0,healthy,930472,28.93,50.8,97472.0,160902.0,29724,
VIV-0049,63,K63,1,diseased,1,1,infected_day_1,1694872,32.4,52.76,97501.0,53641.0,28140,
VIV-0050,64,C64,1,controlled,0,0,healthy,931872,28.93,50.78,97474.0,160440.0,29725,
VIV-0051,65,K65,1,diseased,1,1,infected_day_1,1696272,32.4,52.77,97501.0,53676.0,28146,
VIV-0052,66,C66,1,controlled,0,0,healthy,933272,28.94,50.78,97473.0,160287.0,29725,
VIV-0053,67,K67,1,diseased,1,1,infected_day_1,1697672,32.4,52.74,97501.0,53607.0,28142,
VIV-0054,68,C68,1,controlled,0,0,healthy,934672,28.93,50.78,97473.0,160133.0,29724,
VIV-0055,71,C71,2,controlled,0,0,healthy,1221674,31.93,52.04,97658.0,123343.0,29305,
VIV-0056,71,K71,2,diseased,1,2,infected_day_2,2747674,32.19,46.93,97642.0,124906.0,29460,
VIV-0057,73,C73,2,controlled,0,0,healthy,1223074,31.93,52.03,97657.0,123798.0,29308,
VIV-0058,73,K73,2,diseased,1,2,infected_day_2,2749074,32.18,46.88,97642.0,124166.0,29460,
VIV-0059,75,C75,2,controlled,0,0,healthy,1224474,31.93,52.01,97657.0,124720.0,29310,
VIV-0060,75,K75,2,diseased,1,2,infected_day_2,2750474,32.18,46.85,97642.0,124350.0,29460,
VIV-0061,77,C77,2,controlled,0,0,healthy,1225874,31.93,52.01,97656.0,124720.0,29311,
VIV-0062,77,K77,2,diseased,1,2,infected_day_2,2751874,32.18,46.79,97642.0,124166.0,29457,
VIV-0063,79,C79,2,controlled,0,0,healthy,1227274,31.93,52.02,97657.0,124720.0,29310,
VIV-0064,79,K79,2,diseased,1,2,infected_day_2,2753274,32.18,46.78,97642.0,123707.0,29460,
VIV-0065,83,C83,2,controlled,0,0,healthy,1658474,32.22,50.41,97653.0,121113.0,29349,
VIV-0066,83,K83,2,diseased,1,2,infected_day_2,2784074,32.25,48.98,97644.0,62116.0,28813,
VIV-0067,85,C85,2,controlled,0,0,healthy,1659874,32.22,50.48,97653.0,120503.0,29350,
VIV-0068,85,K85,2,diseased,1,2,infected_day_2,2785474,32.26,49.06,97644.0,60588.0,28831,
VIV-0069,87,C87,2,controlled,0,0,healthy,1661274,32.22,50.52,97653.0,120851.0,29352,
VIV-0070,87,K87,2,diseased,1,2,infected_day_2,2786874,32.26,49.13,97645.0,59724.0,28853,
VIV-0071,89,C89,2,controlled,0,0,healthy,1662674,32.22,50.59,97652.0,120157.0,29349,
VIV-0072,89,K89,2,diseased,1,2,infected_day_2,2788274,32.26,49.19,97645.0,59809.0,28873,
VIV-0073,91,C91,2,controlled,0,0,healthy,1664074,32.23,50.67,97652.0,119728.0,29348,
VIV-0074,91,K91,2,diseased,1,2,infected_day_2,2789674,32.27,49.23,97645.0,60457.0,28895,
VIV-0075,94,C94,2,controlled,0,0,healthy,1699074,32.31,50.76,97652.0,120157.0,29320,
VIV-0076,95,K95,2,diseased,1,2,infected_day_2,2977274,32.49,48.71,97650.0,69141.0,29104,
VIV-0077,96,C96,2,controlled,0,0,healthy,1700474,32.32,50.85,97653.0,119301.0,29319,
VIV-0078,97,K97,2,diseased,1,2,infected_day_2,2978674,32.49,48.69,97650.0,68970.0,29110,
VIV-0079,98,C98,2,controlled,0,0,healthy,1701874,32.33,50.85,97653.0,119047.0,29320,
VIV-0080,99,K99,2,diseased,1,2,infected_day_2,2980074,32.49,48.67,97650.0,69370.0,29111,
VIV-0081,100,C100,2,controlled,0,0,healthy,1703274,32.33,50.76,97654.0,119047.0,29320,
VIV-0082,101,K101,2,diseased,1,2,infected_day_2,2981474,32.49,48.66,97649.0,69891.0,29115,
VIV-0083,102,C102,2,controlled,0,0,healthy,1704674,32.33,50.64,97654.0,119728.0,29322,
VIV-0084,103,K103,2,diseased,1,2,infected_day_2,2960474,32.48,48.65,97649.0,72745.0,29054,nonincreasing_timestamp
VIV-0085,104,C104,2,controlled,0,0,healthy,1706074,32.34,50.53,97653.0,121113.0,29318,
VIV-0086,105,K105,2,diseased,1,2,infected_day_2,2961874,32.48,48.65,97649.0,72056.0,29052,
VIV-0087,107,K107,2,diseased,1,2,infected_day_2,3019274,32.51,48.4,97650.0,74891.0,29131,
VIV-0088,108,C108,2,controlled,0,0,healthy,2064474,32.27,48.91,97642.0,121729.0,29401,
VIV-0089,109,K109,2,diseased,1,2,infected_day_2,3020674,32.51,48.39,97650.0,75910.0,29127,
VIV-0090,110,C110,2,controlled,0,0,healthy,2065874,32.28,48.91,97642.0,121906.0,29400,
VIV-0091,111,K111,2,diseased,1,2,infected_day_2,3022074,32.51,48.39,97651.0,74425.0,29124,
VIV-0092,112,C112,2,controlled,0,0,healthy,2067274,32.28,48.9,97641.0,120851.0,29402,
VIV-0093,113,K113,2,diseased,1,2,infected_day_2,3023474,32.51,48.44,97650.0,73190.0,29127,
VIV-0094,114,C114,2,controlled,0,0,healthy,2068674,32.28,48.9,97641.0,121906.0,29398,
VIV-0095,115,K115,2,diseased,1,2,infected_day_2,3024874,32.52,48.48,97651.0,72556.0,29129,
VIV-0096,116,C116,2,controlled,0,0,healthy,2070074,32.28,48.9,97641.0,121641.0,29398,
VIV-0097,119,K119,2,diseased,1,2,infected_day_2,3310474,32.62,48.01,97649.0,89449.0,29164,
VIV-0098,120,C120,2,controlled,0,0,healthy,2099474,32.27,48.54,97641.0,122173.0,29411,
VIV-0099,121,K121,2,diseased,1,2,infected_day_2,3311874,32.62,47.94,97649.0,91903.0,29165,
VIV-0100,122,C122,2,controlled,0,0,healthy,2100874,32.27,48.56,97642.0,122890.0,29409,
VIV-0101,123,K123,2,diseased,1,2,infected_day_2,3313274,32.62,47.86,97650.0,94389.0,29164,
VIV-0102,124,C124,2,controlled,0,0,healthy,2102274,32.26,48.61,97642.0,122084.0,29412,
VIV-0103,125,K125,2,diseased,1,2,infected_day_2,3314674,32.62,47.82,97649.0,94525.0,29163,
VIV-0104,126,C126,2,controlled,0,0,healthy,2103674,32.26,48.63,97642.0,121818.0,29412,
VIV-0105,127,K127,2,diseased,1,2,infected_day_2,3316074,32.62,47.75,97649.0,95714.0,29165,
VIV-0106,128,C128,2,controlled,0,0,healthy,2105074,32.26,48.64,97642.0,122084.0,29409,
VIV-0107,132,C132,3,controlled,0,0,healthy,741482,32.02,47.38,97584.0,122084.0,29467,
VIV-0108,132,K132,3,diseased,1,3,infected_day_3,1308474,32.0,52.07,97657.0,121464.0,29316,
VIV-0109,134,C134,3,controlled,0,0,healthy,742882,32.03,47.44,97585.0,121641.0,29468,
VIV-0110,134,K134,3,diseased,1,3,infected_day_3,1309874,32.0,52.0,97656.0,121641.0,29317,
VIV-0111,136,C136,3,controlled,0,0,healthy,744282,32.03,47.46,97585.0,121201.0,29466,
VIV-0112,136,K136,3,diseased,1,3,infected_day_3,1311274,32.0,51.91,97657.0,123252.0,29316,
VIV-0113,138,C138,3,controlled,0,0,healthy,745682,32.03,47.48,97585.0,121113.0,29466,
VIV-0114,138,K138,3,diseased,1,3,infected_day_3,1312674,32.0,51.84,97657.0,122710.0,29319,
VIV-0115,140,C140,3,controlled,0,0,healthy,747082,32.03,47.44,97585.0,121995.0,29466,
VIV-0116,140,K140,3,diseased,1,3,infected_day_3,1314074,32.0,51.82,97658.0,121552.0,29318,
VIV-0117,142,C142,3,controlled,0,0,healthy,748482,32.03,47.43,97584.0,121288.0,29468,
VIV-0118,142,K142,3,diseased,1,3,infected_day_3,1315474,32.0,51.86,97658.0,122352.0,29314,
VIV-0119,145,C145,3,controlled,0,0,healthy,789082,32.07,47.37,97585.0,121552.0,29465,
VIV-0120,146,K146,3,diseased,1,3,infected_day_3,1811074,32.27,49.93,97649.0,121113.0,29333,
VIV-0121,147,C147,3,controlled,0,0,healthy,790482,32.07,47.32,97586.0,122352.0,29466,
VIV-0122,148,K148,3,diseased,1,3,infected_day_3,1812474,32.27,49.9,97649.0,121376.0,29339,
VIV-0123,149,C149,3,controlled,0,0,healthy,791882,32.08,47.29,97586.0,122084.0,29468,
VIV-0124,150,K150,3,diseased,1,3,infected_day_3,1813874,32.26,49.91,97649.0,120851.0,29341,
VIV-0125,151,C151,3,controlled,0,0,healthy,793282,32.08,47.3,97585.0,121818.0,29470,
VIV-0126,152,K152,3,diseased,1,3,infected_day_3,1815274,32.26,49.9,97649.0,121201.0,29343,
VIV-0127,153,C153,3,controlled,0,0,healthy,794682,32.08,47.29,97585.0,121026.0,29471,
VIV-0128,154,K154,3,diseased,1,3,infected_day_3,1816674,32.27,49.88,97649.0,121464.0,29347,
VIV-0129,155,C155,3,controlled,0,0,healthy,796082,32.08,47.25,97585.0,121552.0,29472,
VIV-0130,157,K157,3,diseased,1,3,infected_day_3,2833074,32.35,48.7,97647.0,73511.0,29053,
VIV-0131,158,C158,3,controlled,0,0,healthy,824082,32.1,47.15,97586.0,121995.0,29482,
VIV-0132,159,K159,3,diseased,1,3,infected_day_3,2834474,32.35,48.74,97646.0,71564.0,29054,
VIV-0133,160,C160,3,controlled,0,0,healthy,825482,32.1,47.12,97587.0,121464.0,29482,
VIV-0134,161,K161,3,diseased,1,3,infected_day_3,2835874,32.35,48.78,97646.0,69543.0,29052,
VIV-0135,162,C162,3,controlled,0,0,healthy,826882,32.1,47.11,97587.0,121464.0,29480,
VIV-0136,163,K163,3,diseased,1,3,infected_day_3,2837274,32.36,48.83,97646.0,67579.0,29053,
VIV-0137,164,C164,3,controlled,0,0,healthy,828282,32.1,47.09,97587.0,121729.0,29484,
VIV-0138,165,K165,3,diseased,1,3,infected_day_3,2838674,32.36,48.89,97646.0,65930.0,29057,
VIV-0139,166,C166,3,controlled,0,0,healthy,829682,32.11,47.07,97587.0,122531.0,29486,
VIV-0140,167,K167,3,diseased,1,3,infected_day_3,2840074,32.36,48.95,97646.0,64558.0,29056,
VIV-0141,170,K170,3,diseased,1,3,infected_day_3,1146073,31.99,48.16,97585.0,96486.0,28744,nonincreasing_timestamp
VIV-0142,171,C171,3,controlled,0,0,healthy,880082,32.14,47.11,97586.0,120938.0,29473,
VIV-0143,172,K172,3,diseased,1,3,infected_day_3,1147473,32.0,48.21,97585.0,95032.0,28734,
VIV-0144,173,C173,3,controlled,0,0,healthy,881482,32.15,47.1,97586.0,120244.0,29479,
VIV-0145,174,K174,3,diseased,1,3,infected_day_3,1148873,32.0,48.24,97584.0,96153.0,28734,
VIV-0146,175,C175,3,controlled,0,0,healthy,882882,32.15,47.1,97586.0,121201.0,29479,
VIV-0147,176,K176,3,diseased,1,3,infected_day_3,1150273,32.0,48.19,97584.0,98645.0,28737,
VIV-0148,177,C177,3,controlled,0,0,healthy,884282,32.15,47.11,97586.0,120851.0,29478,
VIV-0149,178,K178,3,diseased,1,3,infected_day_3,1151673,32.0,48.18,97584.0,94579.0,28735,
VIV-0150,179,C179,3,controlled,0,0,healthy,885682,32.15,47.16,97586.0,120503.0,29475,
VIV-0151,181,K181,3,diseased,1,3,infected_day_3,1672473,31.99,48.52,97579.0,85260.0,27712,
VIV-0152,182,C182,3,controlled,0,0,healthy,952882,32.18,47.38,97589.0,119899.0,29471,
VIV-0153,183,K183,3,diseased,1,3,infected_day_3,1673873,31.99,48.5,97579.0,87670.0,27753,
VIV-0154,184,C184,3,controlled,0,0,healthy,954282,32.18,47.31,97589.0,120071.0,29470,
VIV-0155,185,K185,3,diseased,1,3,infected_day_3,1675273,31.99,48.46,97579.0,88785.0,27796,
VIV-0156,186,C186,3,controlled,0,0,healthy,955682,32.19,47.23,97589.0,120244.0,29472,
VIV-0157,187,K187,3,diseased,1,3,infected_day_3,1676673,31.99,48.46,97578.0,87578.0,27825,
VIV-0158,188,C188,3,controlled,0,0,healthy,957082,32.19,47.24,97590.0,119642.0,29472,
VIV-0159,189,K189,3,diseased,1,3,infected_day_3,1678073,31.99,48.48,97578.0,86672.0,27845,
VIV-0160,190,C190,3,controlled,0,0,healthy,958482,32.19,47.25,97590.0,119642.0,29470,
VIV-0161,192,C192,3,controlled,0,0,healthy,959882,32.19,47.22,97590.0,120244.0,29470,
VIV-0162,196,C196,4,controlled,0,0,healthy,6472,31.68,51.16,97481.0,6180.0,25315,exact_duplicate
VIV-0163,197,K197,4,diseased,1,4,infected_day_4,1657080,30.95,51.65,97803.0,53918.0,28498,
VIV-0164,198,C198,4,controlled,0,0,healthy,6472,31.68,51.16,97481.0,6180.0,25315,exact_duplicate;nonincreasing_timestamp
VIV-0165,199,K199,4,diseased,1,4,infected_day_4,1658480,30.95,51.6,97803.0,57827.0,28499,
VIV-0166,200,C200,4,controlled,0,0,healthy,6472,31.68,51.16,97481.0,6180.0,25315,exact_duplicate;nonincreasing_timestamp
VIV-0167,201,K201,4,diseased,1,4,infected_day_4,1659880,30.94,51.58,97803.0,60808.0,28505,
VIV-0168,202,C202,4,controlled,0,0,healthy,6472,31.68,51.16,97481.0,6180.0,25315,exact_duplicate;nonincreasing_timestamp
VIV-0169,203,K203,4,diseased,1,4,infected_day_4,1661280,30.94,51.64,97803.0,60413.0,28506,
VIV-0170,204,C204,4,controlled,0,0,healthy,6472,31.68,51.16,97481.0,6180.0,25315,exact_duplicate;nonincreasing_timestamp
VIV-0171,205,K205,4,diseased,1,4,infected_day_4,1662680,30.94,51.81,97803.0,58719.0,28509,
VIV-0172,206,C206,4,controlled,0,0,healthy,6472,31.68,51.16,97481.0,6180.0,25315,exact_duplicate;nonincreasing_timestamp
VIV-0173,207,K207,4,diseased,1,4,infected_day_4,1664080,30.95,51.76,97804.0,63385.0,28519,
VIV-0174,208,C208,4,controlled,0,0,healthy,6472,31.68,51.16,97481.0,6180.0,25315,exact_duplicate;nonincreasing_timestamp
VIV-0175,209,K209,4,diseased,1,4,infected_day_4,1665480,30.95,51.57,97803.0,68575.0,28536,
VIV-0176,211,K211,4,diseased,1,4,infected_day_4,1666880,30.95,51.35,97803.0,73900.0,28555,
VIV-0177,215,K215,4,diseased,1,4,infected_day_4,1707480,31.02,51.25,97802.0,52367.0,28511,
VIV-0178,217,K217,4,diseased,1,4,infected_day_4,1708880,31.01,51.34,97802.0,54092.0,28497,
VIV-0179,219,K219,4,diseased,1,4,infected_day_4,1710280,31.01,51.32,97803.0,55711.0,28487,
VIV-0180,221,K221,4,diseased,1,4,infected_day_4,1711680,31.0,51.16,97803.0,60676.0,28475,
VIV-0181,223,K223,4,diseased,1,4,infected_day_4,1713080,30.99,51.0,97803.0,61978.0,28472,
VIV-0182,225,K225,4,diseased,1,4,infected_day_4,1714480,30.99,51.19,97804.0,57470.0,28457,
VIV-0183,230,K230,4,diseased,1,4,infected_day_4,1717280,30.99,51.32,97804.0,61029.0,28443,
VIV-0184,232,K232,4,diseased,1,4,infected_day_4,1718680,30.99,51.28,97804.0,62486.0,28445,
VIV-0185,234,K234,4,diseased,1,4,infected_day_4,1720080,30.98,51.24,97804.0,64707.0,28447,
VIV-0186,236,K236,4,diseased,1,4,infected_day_4,1721480,30.98,51.32,97804.0,58719.0,28450,
VIV-0187,240,K240,4,diseased,1,4,infected_day_4,1798480,31.0,50.5,97803.0,86672.0,28377,
VIV-0188,242,K242,4,diseased,1,4,infected_day_4,1799880,31.0,50.38,97802.0,90513.0,28350,
VIV-0189,244,K244,4,diseased,1,4,infected_day_4,1801280,31.01,50.31,97803.0,90317.0,28334,
VIV-0190,246,K246,4,diseased,1,4,infected_day_4,1805480,31.01,50.02,97803.0,95332.0,28302,
VIV-0191,248,K248,4,diseased,1,4,infected_day_4,1806880,31.01,49.99,97802.0,93441.0,28319,
VIV-0192,250,K250,4,diseased,1,4,infected_day_4,1808280,31.01,50.16,97803.0,76534.0,28330,
VIV-0193,252,K252,4,diseased,1,4,infected_day_4,1809680,31.02,50.45,97803.0,66665.0,28332,
VIV-0194,254,K254,4,diseased,1,4,infected_day_4,1811080,31.03,50.63,97802.0,62956.0,28327,
VIV-0195,259,K259,4,diseased,1,4,infected_day_4,2217080,30.99,50.89,97799.0,67362.0,28538,
VIV-0196,261,K261,4,diseased,1,4,infected_day_4,2218480,30.98,50.88,97799.0,65671.0,28542,
VIV-0197,263,K263,4,diseased,1,4,infected_day_4,2219880,30.98,50.82,97799.0,68744.0,28551,
VIV-0198,265,K265,4,diseased,1,4,infected_day_4,2221280,30.98,50.82,97798.0,66612.0,28559,
VIV-0199,267,K267,4,diseased,1,4,infected_day_4,2222680,30.98,50.84,97798.0,65364.0,28568,
VIV-0200,269,K269,4,diseased,1,4,infected_day_4,2224080,30.98,50.87,97798.0,64458.0,28578,
VIV-0201,271,K271,4,diseased,1,4,infected_day_4,2225480,30.98,50.83,97798.0,67092.0,28591,
VIV-0202,273,K273,4,diseased,1,4,infected_day_4,2226880,30.98,50.82,97798.0,67634.0,28602,
VIV-0203,275,K275,4,diseased,1,4,infected_day_4,2228280,30.98,50.83,97798.0,66612.0,28610,
VIV-0204,279,K279,5,diseased,1,5,infected_day_5,1827880,31.02,50.46,97801.0,80122.0,28391,
VIV-0205,281,K281,5,diseased,1,5,infected_day_5,1829280,31.02,50.41,97801.0,78914.0,28362,
VIV-0206,283,K283,5,diseased,1,5,infected_day_5,1830680,31.01,50.41,97801.0,80895.0,28361,
VIV-0207,285,K285,5,diseased,1,5,infected_day_5,1832080,31.0,50.44,97801.0,76815.0,28372,
VIV-0208,287,K287,5,diseased,1,5,infected_day_5,1833480,30.99,50.48,97801.0,72367.0,28387,
VIV-0209,289,K289,5,diseased,1,5,infected_day_5,1834880,30.98,50.44,97802.0,75499.0,28409,
VIV-0210,291,K291,5,diseased,1,5,infected_day_5,1836280,30.98,50.35,97801.0,81525.0,28433,
VIV-0211,296,K296,5,diseased,1,5,infected_day_5,1839080,30.97,50.18,97802.0,90123.0,28480,
VIV-0212,298,K298,5,diseased,1,5,infected_day_5,1840480,30.96,50.19,97803.0,88411.0,28502,
VIV-0213,300,K300,5,diseased,1,5,infected_day_5,1841880,30.95,50.31,97803.0,82085.0,28516,
VIV-0214,302,K302,5,diseased,1,5,infected_day_5,1843280,30.95,50.4,97804.0,79740.0,28519,
VIV-0215,304,K304,5,diseased,1,5,infected_day_5,1844680,30.95,50.51,97804.0,76885.0,28526,
VIV-0216,306,K306,5,diseased,1,5,infected_day_5,1846080,30.95,50.59,97805.0,76674.0,28536,
VIV-0217,308,K308,5,diseased,1,5,infected_day_5,1847480,30.94,50.57,97804.0,79816.0,28552,
VIV-0218,312,K312,5,diseased,1,5,infected_day_5,1848880,30.94,50.52,97805.0,83642.0,28569,
VIV-0219,314,K314,5,diseased,1,5,infected_day_5,1850280,30.94,50.44,97805.0,86762.0,28580,
VIV-0220,316,K316,5,diseased,1,5,infected_day_5,1851680,30.94,50.39,97804.0,86762.0,28579,
VIV-0221,318,K318,5,diseased,1,5,infected_day_5,1853080,30.94,50.33,97805.0,88974.0,28586,
VIV-0222,320,K320,5,diseased,1,5,infected_day_5,1854480,30.94,50.26,97803.0,89449.0,28604,
VIV-0223,322,K322,5,diseased,1,5,infected_day_5,1855880,30.94,50.2,97803.0,86315.0,28621,
VIV-0224,324,K324,5,diseased,1,5,infected_day_5,1857280,30.94,50.31,97804.0,75772.0,28630,
VIV-0225,328,K328,5,diseased,1,5,infected_day_5,1865680,30.98,51.36,97803.0,56961.0,28514,
VIV-0226,330,K330,5,diseased,1,5,infected_day_5,1867080,30.98,51.14,97802.0,62393.0,28510,
VIV-0227,332,K332,5,diseased,1,5,infected_day_5,1868480,30.99,51.01,97801.0,64458.0,28519,
VIV-0228,334,K334,5,diseased,1,5,infected_day_5,1869880,31.0,50.97,97801.0,65009.0,28527,
VIV-0229,336,K336,5,diseased,1,5,infected_day_5,1871280,31.01,50.94,97802.0,66295.0,28531,
VIV-0230,338,K338,5,diseased,1,5,infected_day_5,1872680,31.01,50.87,97803.0,68519.0,28533,
VIV-0231,340,K340,5,diseased,1,5,infected_day_5,1874080,31.01,50.8,97802.0,69543.0,28533,
VIV-0232,342,K342,5,diseased,1,5,infected_day_5,1875480,31.02,50.72,97801.0,71381.0,28536,
VIV-0233,346,K346,5,diseased,1,5,infected_day_5,1920280,30.99,50.98,97801.0,56577.0,28529,
VIV-0234,348,K348,5,diseased,1,5,infected_day_5,1921680,30.99,50.88,97801.0,60457.0,28522,
VIV-0235,350,K350,5,diseased,1,5,infected_day_5,1923080,30.99,50.72,97801.0,64807.0,28529,
VIV-0236,352,K352,5,diseased,1,5,infected_day_5,1924480,31.0,50.58,97801.0,68407.0,28540,
VIV-0237,354,K354,5,diseased,1,5,infected_day_5,1925880,31.01,50.68,97800.0,57907.0,28548,
VIV-0238,356,K356,5,diseased,1,5,infected_day_5,1927280,31.01,50.83,97800.0,56009.0,28548,
VIV-0239,358,K358,5,diseased,1,5,infected_day_5,1928680,31.02,50.77,97800.0,58432.0,28551,
VIV-0240,360,K360,5,diseased,1,5,infected_day_5,1930080,31.02,50.76,97800.0,55416.0,28553,
VIV-0241,362,K362,5,diseased,1,5,infected_day_5,1931480,31.03,51.03,97801.0,45611.0,28540,
